00160,cheung
00161,cheung
00162,cheung
00163,cheung
00164,cheung
00165,cheung
00166,cheung
00167,cheung
00168,cheung
00169,cheung
00170,cheung
00171,cheung
00172,cheung
00173,cheung
00174,cheung
00175,cheung
00176,cheung
00177,cheung
00178,cheung
00179,cheung
00180,cheung
00181,cheung
00182,cheung
00183,cheung
00184,cheung
00185,cheung
00186,cheung
00187,cheung
00188,cheung
00189,cheung
00190,cheung
00191,cheung
00192,cheung
00193,cheung
00194,cheung
00195,cheung
00196,cheung
00197,cheung
00198,cheung
00199,cheung
00360,chin2
00361,chin2
00362,chin2
00363,chin2
00364,chin2
00365,chin2
00366,chin2
00367,chin2
00368,chin2
00369,chin2
00370,chin2
00371,chin2
00372,chin2
00373,chin2
00374,chin2
00375,chin2
00376,chin2
00377,chin2
00378,chin2
00379,chin2
00380,chin2
00381,chin2
00382,chin2
00383,chin2
00384,chin2
00385,chin2
00386,chin2
00387,chin2
00388,chin2
00389,chin2
00390,chin2
00391,chin2
00392,chin2
00393,chin2
00394,chin2
00395,chin2
00396,chin2
00397,chin2
00398,chin2
00399,chin2
00560,chiu
00561,chiu
00562,chiu
00563,chiu
00564,chiu
00565,chiu
00566,chiu
00567,chiu
00568,chiu
00569,chiu
00570,chiu
00571,chiu
00572,chiu
00573,chiu
00574,chiu
00575,chiu
00576,chiu
00577,chiu
00578,chiu
00579,chiu
00580,chiu
00581,chiu
00582,chiu
00583,chiu
00584,chiu
00585,chiu
00586,chiu
00587,chiu
00588,chiu
00589,chiu
00590,chiu
00591,chiu
00592,chiu
00593,chiu
00594,chiu
00595,chiu
00596,chiu
00597,chiu
00598,chiu
00599,chiu
00760,cup
00761,cup
00762,cup
00763,cup
00764,cup
00765,cup
00766,cup
00767,cup
00768,cup
00769,cup
00770,cup
00771,cup
00772,cup
00773,cup
00774,cup
00775,cup
00776,cup
00777,cup
00778,cup
00779,cup
00780,cup
00781,cup
00782,cup
00783,cup
00784,cup
00785,cup
00786,cup
00787,cup
00788,cup
00789,cup
00790,cup
00791,cup
00792,cup
00793,cup
00794,cup
00795,cup
00796,cup
00797,cup
00798,cup
00799,cup
00960,ho
00961,ho
00962,ho
00963,ho
00964,ho
00965,ho
00966,ho
00967,ho
00968,ho
00969,ho
00970,ho
00971,ho
00972,ho
00973,ho
00974,ho
00975,ho
00976,ho
00977,ho
00978,ho
00979,ho
00980,ho
00981,ho
00982,ho
00983,ho
00984,ho
00985,ho
00986,ho
00987,ho
00988,ho
00989,ho
00990,ho
00991,ho
00992,ho
00993,ho
00994,ho
00995,ho
00996,ho
00997,ho
00998,ho
00999,ho
01160,ka
01161,ka
01162,ka
01163,ka
01164,ka
01165,ka
01166,ka
01167,ka
01168,ka
01169,ka
01170,ka
01171,ka
01172,ka
01173,ka
01174,ka
01175,ka
01176,ka
01177,ka
01178,ka
01179,ka
01180,ka
01181,ka
01182,ka
01183,ka
01184,ka
01185,ka
01186,ka
01187,ka
01188,ka
01189,ka
01190,ka
01191,ka
01192,ka
01193,ka
01194,ka
01195,ka
01196,ka
01197,ka
01198,ka
01199,ka
01360,ma
01361,ma
01362,ma
01363,ma
01364,ma
01365,ma
01366,ma
01367,ma
01368,ma
01369,ma
01370,ma
01371,ma
01372,ma
01373,ma
01374,ma
01375,ma
01376,ma
01377,ma
01378,ma
01379,ma
01380,ma
01381,ma
01382,ma
01383,ma
01384,ma
01385,ma
01386,ma
01387,ma
01388,ma
01389,ma
01390,ma
01391,ma
01392,ma
01393,ma
01394,ma
01395,ma
01396,ma
01397,ma
01398,ma
01399,ma
01560,sheung
01561,sheung
01562,sheung
01563,sheung
01564,sheung
01565,sheung
01566,sheung
01567,sheung
01568,sheung
01569,sheung
01570,sheung
01571,sheung
01572,sheung
01573,sheung
01574,sheung
01575,sheung
01576,sheung
01577,sheung
01578,sheung
01579,sheung
01580,sheung
01581,sheung
01582,sheung
01583,sheung
01584,sheung
01585,sheung
01586,sheung
01587,sheung
01588,sheung
01589,sheung
01590,sheung
01591,sheung
01592,sheung
01593,sheung
01594,sheung
01595,sheung
01596,sheung
01597,sheung
01598,sheung
01599,sheung
01760,shi
01761,shi
01762,shi
01763,shi
01764,shi
01765,shi
01766,shi
01767,shi
01768,shi
01769,shi
01770,shi
01771,shi
01772,shi
01773,shi
01774,shi
01775,shi
01776,shi
01777,shi
01778,shi
01779,shi
01780,shi
01781,shi
01782,shi
01783,shi
01784,shi
01785,shi
01786,shi
01787,shi
01788,shi
01789,shi
01790,shi
01791,shi
01792,shi
01793,shi
01794,shi
01795,shi
01796,shi
01797,shi
01798,shi
01799,shi
01960,yi
01961,yi
01962,yi
01963,yi
01964,yi
01965,yi
01966,yi
01967,yi
01968,yi
01969,yi
01970,yi
01971,yi
01972,yi
01973,yi
01974,yi
01975,yi
01976,yi
01977,yi
01978,yi
01979,yi
01980,yi
01981,yi
01982,yi
01983,yi
01984,yi
01985,yi
01986,yi
01987,yi
01988,yi
01989,yi
01990,yi
01991,yi
01992,yi
01993,yi
01994,yi
01995,yi
01996,yi
01997,yi
01998,yi
01999,yi
02160,sin
02161,sin
02162,sin
02163,sin
02164,sin
02165,sin
02166,sin
02167,sin
02168,sin
02169,sin
02170,sin
02171,sin
02172,sin
02173,sin
02174,sin
02175,sin
02176,sin
02177,sin
02178,sin
02179,sin
02180,sin
02181,sin
02182,sin
02183,sin
02184,sin
02185,sin
02186,sin
02187,sin
02188,sin
02189,sin
02190,sin
02191,sin
02192,sin
02193,sin
02194,sin
02195,sin
02196,sin
02197,sin
02198,sin
02199,sin
02360,ngou
02361,ngou
02362,ngou
02363,ngou
02364,ngou
02365,ngou
02366,ngou
02367,ngou
02368,ngou
02369,ngou
02370,ngou
02371,ngou
02372,ngou
02373,ngou
02374,ngou
02375,ngou
02376,ngou
02377,ngou
02378,ngou
02379,ngou
02380,ngou
02381,ngou
02382,ngou
02383,ngou
02384,ngou
02385,ngou
02386,ngou
02387,ngou
02388,ngou
02389,ngou
02390,ngou
02391,ngou
02392,ngou
02393,ngou
02394,ngou
02395,ngou
02396,ngou
02397,ngou
02398,ngou
02399,ngou
02560,lai
02561,lai
02562,lai
02563,lai
02564,lai
02565,lai
02566,lai
02567,lai
02568,lai
02569,lai
02570,lai
02571,lai
02572,lai
02573,lai
02574,lai
02575,lai
02576,lai
02577,lai
02578,lai
02579,lai
02580,lai
02581,lai
02582,lai
02583,lai
02584,lai
02585,lai
02586,lai
02587,lai
02588,lai
02589,lai
02590,lai
02591,lai
02592,lai
02593,lai
02594,lai
02595,lai
02596,lai
02597,lai
02598,lai
02599,lai
